{
  "name": "rplus-desktop",
  "version": "0.0.1",
  "description": "Reader+ Desktop",
  "main": "app.js",
  "author": "",
  "productName": "rplus-desktop",
  "dependencies": {
    "bootstrap-slider": "^5.2.0",
    "bufferutil": "^1.2.1",
    "envify": "^3.4.0",
    "fbjs": "^0.8.3",
    "flux": "^2.1.1",
    "jquery": "^2.2.4",
    "lodash": "^3.9.3",
    "object-assign": "^4.1.0",
    "react": "^0.14.7",
    "react-bootstrap": "^0.28.3",
    "react-dom": "^0.14.0",
    "react-helmet": "^3.1.0",
    "react-router": "^2.4.1",
    "reactify": "^1.1.1",
    "request": "^2.69.0",
    "rsvp": "^3.2.1",
    "sqlite3": "^3.1.4",
    "superagent": "^1.8.2",
    "utf-8-validate": "^1.2.1",
    "ws": "^0.8.0"
  }
}
